building,mean,min,max,total
admin_block,130.63095238095238,81,180,21946
hostel_A,129.1904761904762,82,179,21704
hostel_B,135.375,81,180,22743
library,133.76190476190476,81,180,22472
sports_complex,130.53571428571428,80,178,21930
